{"stats":{"minecraft:used":{"minecraft:dirt":4},"minecraft:picked_up":{"minecraft:oak_log":7,"minecraft:wheat_seeds":1,"minecraft:dirt":4},"minecraft:crafted":{"minecraft:oak_planks":28},"minecraft:mined":{"minecraft:grass":4,"minecraft:grass_block":4,"minecraft:oak_log":7,"minecraft:fern":1},"minecraft:custom":{"minecraft:jump":61,"minecraft:time_since_rest":6308,"minecraft:leave_game":1,"minecraft:sprint_one_cm":12936,"minecraft:play_time":6308,"minecraft:time_since_death":6308,"minecraft:walk_one_cm":11158,"minecraft:total_world_time":6308,"minecraft:fall_one_cm":1674,"minecraft:fly_one_cm":14588}},"DataVersion":3465}