{"stats":{"minecraft:picked_up":{"minecraft:arrow":2,"minecraft:bone":3,"minecraft:wheat_seeds":2,"minecraft:acacia_log":2,"minecraft:ink_sac":2,"minecraft:dirt":2},"minecraft:mined":{"minecraft:grass":21,"minecraft:acacia_log":2,"minecraft:grass_block":2,"minecraft:tall_grass":2},"minecraft:killed":{"minecraft:skeleton":1},"minecraft:custom":{"minecraft:time_since_rest":1630,"minecraft:play_one_minute":8425,"minecraft:sprint_one_cm":8368,"minecraft:deaths":2,"minecraft:damage_taken":550,"minecraft:walk_one_cm":17768,"minecraft:mob_kills":2,"minecraft:jump":83,"minecraft:damage_dealt":357,"minecraft:leave_game":3,"minecraft:walk_on_water_one_cm":27,"minecraft:time_since_death":1596,"minecraft:fall_one_cm":2215,"minecraft:fly_one_cm":18553},"minecraft:killed_by":{"minecraft:skeleton":1,"minecraft:zombie":1},"minecraft:used":{"minecraft:acacia_log":1}},"DataVersion":2586}