{"stats":{"minecraft:picked_up":{"minecraft:acacia_log":2,"minecraft:dirt":1},"minecraft:mined":{"minecraft:grass":6,"minecraft:acacia_log":2,"minecraft:grass_block":1},"minecraft:custom":{"minecraft:jump":35,"minecraft:deaths":1,"minecraft:time_since_rest":2503,"minecraft:damage_dealt":157,"minecraft:play_one_minute":6019,"minecraft:leave_game":2,"minecraft:sprint_one_cm":3229,"minecraft:damage_taken":350,"minecraft:time_since_death":2472,"minecraft:walk_one_cm":9382,"minecraft:fall_one_cm":1112,"minecraft:fly_one_cm":7460},"minecraft:killed_by":{"minecraft:zombie":1},"minecraft:used":{"minecraft:acacia_log":1}},"DataVersion":2586}